portfolio,expected_return_decimal,expected_volatility_decimal,expected_return_pct,expected_volatility_pct
P1,0.09119075722610002,0.20625330919875823,9.119075722610003,20.62533091987582
P2,0.05841911255639979,0.10107123485458074,5.841911255639979,10.107123485458073
